codigo_ocorrencia,fator_area_FATOR HUMANO,fator_area_FATOR MATERIAL,fator_area_FATOR OPERACIONAL,fator_area_OUTRO
28256,0,0,1,0
28335,0,0,1,0
28355,0,0,1,0
28375,0,0,1,1
28377,0,0,1,1
28379,1,0,1,0
28395,0,0,1,0
28437,0,0,1,1
28455,1,0,1,0
28475,0,0,1,0
28575,0,0,1,0
28617,1,0,1,1
28636,0,0,1,1
28735,0,0,1,0
28775,0,0,1,0
28795,0,0,1,0
28815,1,0,1,0
28915,1,0,1,1
28935,1,0,1,0
28955,1,0,1,0
29095,0,0,1,0
29159,0,0,1,0
29161,0,0,1,0
29175,0,0,1,0
29195,0,0,1,1
29215,0,0,1,1
29216,1,0,1,0
29218,0,0,1,0
29255,1,0,1,0
29535,0,0,1,1
29555,0,0,1,1
29618,1,0,1,0
29655,1,0,1,0
29735,0,0,0,1
29736,0,0,1,1
29796,0,0,1,0
29855,1,0,1,1
29858,0,0,1,1
29859,1,1,1,1
29860,0,0,1,0
29861,0,0,1,0
29915,1,0,1,0
29918,0,0,1,0
29936,1,0,1,0
29955,0,0,1,1
29995,0,0,1,0
30036,0,0,1,0
30037,0,0,1,0
30040,0,0,1,0
30041,0,0,1,1
30044,0,0,1,0
30045,0,0,1,0
30075,0,1,1,0
30179,0,0,0,1
30180,1,0,1,0
30181,1,0,1,0
30316,1,0,1,0
30417,1,0,1,0
30475,0,0,1,1
30535,1,0,1,0
30555,0,0,1,1
30556,0,1,1,0
30595,1,1,1,0
30636,0,0,1,0
30640,0,0,1,0
30655,1,0,1,0
30658,0,0,1,1
30677,0,0,1,0
30681,0,0,1,0
30896,0,0,1,0
31038,0,0,1,0
31077,0,0,1,0
31078,1,1,1,0
31079,0,0,1,1
31080,0,0,1,0
31081,1,1,1,0
31128,1,0,1,0
31129,1,0,1,0
31197,0,0,1,0
31275,0,0,1,0
31276,1,0,1,0
31277,0,0,1,1
31278,0,1,1,0
31335,0,0,1,0
31377,1,0,1,0
31379,1,1,1,0
31395,1,0,1,0
31396,1,1,1,0
31415,0,0,1,0
31455,0,0,1,0
31456,0,0,1,0
31475,1,0,1,0
31595,1,0,1,0
31675,0,0,1,1
31676,1,0,1,0
31715,0,1,1,0
31855,1,0,1,1
31856,0,0,1,0
31857,0,0,1,1
31858,0,1,1,0
31861,1,0,0,1
31863,1,0,1,0
31864,1,0,1,1
31865,0,0,1,0
31866,0,0,1,1
31867,1,0,1,1
31868,0,0,1,0
31869,0,0,1,0
31871,0,0,1,1
31875,0,0,1,0
31975,0,0,1,0
31995,0,0,1,0
32035,1,0,1,0
32036,0,0,1,0
32055,0,0,1,1
32076,1,0,1,1
32155,1,0,1,0
32156,0,0,1,0
32195,0,0,1,1
32196,1,0,1,0
32284,1,0,1,0
32355,1,0,1,0
32375,1,1,1,0
32376,0,0,1,0
32377,1,0,1,0
32379,1,0,1,1
32478,1,0,1,0
32615,0,1,1,0
32641,0,0,1,0
32642,0,0,1,1
32655,0,0,1,0
32675,0,0,1,0
32676,1,0,1,1
32916,1,0,1,1
33024,0,0,1,0
33035,0,0,1,0
33077,0,0,1,0
33218,0,0,1,1
33219,1,0,1,1
33221,0,0,1,0
33223,0,0,1,0
33275,0,0,1,0
33278,0,0,1,0
33315,1,0,1,0
33335,0,1,1,0
33378,0,0,1,0
33480,0,0,1,0
33835,0,0,1,0
33836,0,0,1,0
33856,0,0,0,1
33918,1,0,1,0
34016,1,0,1,0
34037,0,0,1,0
34040,0,0,1,0
34075,1,0,1,0
34076,0,0,1,0
34077,0,0,1,1
34078,0,0,1,0
34079,0,0,1,0
34080,0,0,1,0
34082,1,0,1,0
34083,1,0,1,0
34095,0,0,1,1
34257,0,0,1,0
34340,0,0,1,0
34415,1,0,1,0
34416,0,0,1,0
34495,0,0,1,0
34496,0,0,1,0
34497,0,0,1,1
34498,0,0,1,0
34500,0,0,1,0
34501,1,0,1,0
34502,0,0,1,0
34515,0,0,1,0
34516,0,0,1,0
34518,1,0,1,0
34535,0,1,0,0
34536,1,0,1,0
34537,0,0,1,1
34538,1,0,1,0
34539,1,0,1,1
34540,0,0,1,0
34555,1,0,1,0
34575,0,0,1,0
34639,0,0,1,0
34646,0,1,1,0
34650,1,0,1,0
34651,0,0,1,0
34656,1,0,1,0
34659,0,0,1,0
34739,0,0,1,0
34755,0,0,1,0
34775,1,0,1,0
34776,1,0,1,0
34836,0,1,1,0
34838,1,0,1,0
34840,0,0,1,1
34841,0,0,1,1
34844,0,0,1,1
34858,0,0,1,0
34898,1,0,1,0
34915,0,0,1,1
34935,1,1,1,1
34936,0,1,1,0
34955,0,0,1,1
34956,1,0,1,0
35016,0,0,1,0
35035,1,0,1,0
35056,0,0,1,0
35057,0,0,1,0
35175,1,0,1,0
35176,1,0,1,0
35182,0,1,1,0
35195,0,0,1,0
35255,0,0,1,0
35256,0,0,1,0
35275,0,0,1,0
35477,0,0,1,0
35495,0,0,1,0
35515,0,0,1,0
35555,0,0,0,1
35556,0,0,1,0
35587,1,0,1,0
35588,1,0,1,0
35657,1,0,0,0
35675,0,0,1,1
35680,0,0,1,0
35682,1,0,1,0
35683,0,1,1,1
35798,1,0,1,1
35941,0,0,1,0
35943,1,0,1,0
36035,1,0,1,0
36055,0,0,1,0
36056,1,0,1,0
36075,0,0,1,1
36076,0,0,1,0
36097,0,0,1,1
36138,1,0,1,0
36215,0,0,1,1
36216,1,0,1,0
36217,0,0,1,0
36346,0,0,1,0
36373,1,0,1,0
36657,1,0,1,0
36675,0,0,1,0
36679,0,1,1,0
36777,0,0,1,0
36795,0,0,1,0
36842,1,0,1,0
36874,0,0,0,1
36917,0,1,1,0
37019,0,0,1,0
37020,0,0,0,1
37180,0,0,1,0
37182,1,0,1,0
37183,0,0,1,0
37235,0,0,1,0
37357,1,0,1,0
37375,0,0,1,0
37376,1,0,1,0
37379,1,0,1,0
37435,0,0,1,0
37536,0,0,1,0
37555,0,0,1,0
37577,1,0,1,1
37578,0,0,1,0
37796,1,0,1,0
37797,1,0,1,0
37876,0,0,1,0
38055,1,0,1,0
38176,0,0,1,0
38255,0,0,1,0
38278,0,0,1,0
38279,1,0,1,0
38280,1,0,1,0
38316,1,0,1,0
38335,0,0,1,1
38358,1,0,1,0
38359,0,0,1,0
38377,0,0,1,0
38419,0,0,1,1
38420,0,0,1,1
38423,0,0,1,0
38425,0,0,1,0
38426,0,0,1,0
38475,0,0,1,0
38578,0,0,1,0
38579,0,0,1,1
38635,0,0,1,0
38636,1,0,1,0
38638,1,0,1,0
38639,0,0,1,1
38641,1,0,1,0
38643,1,0,1,0
38644,1,0,1,0
38645,0,0,1,0
38646,1,0,1,0
38647,0,0,1,0
38655,1,0,1,1
38656,0,0,1,0
38657,0,0,1,0
38658,0,0,1,0
38660,1,1,1,0
38675,0,0,1,1
38677,0,0,1,0
38815,0,0,1,0
38819,1,0,1,0
38820,0,0,1,1
38835,0,0,1,0
38837,1,0,1,0
38838,0,0,1,0
38839,0,0,1,0
38840,0,0,1,0
38841,0,0,1,1
38842,0,0,1,0
38843,1,0,1,0
38844,0,0,1,0
38845,1,0,1,1
38846,1,0,1,0
38855,1,0,1,0
38856,1,0,1,0
38875,1,0,0,0
38896,0,0,1,1
38915,1,0,1,1
38959,0,0,1,1
38995,0,0,1,0
39015,1,0,1,0
39115,1,0,1,0
39156,0,0,1,0
39235,0,0,1,0
39275,1,0,1,0
39315,1,0,1,0
39316,0,0,1,0
39318,1,0,1,0
39319,1,0,1,0
39320,0,0,1,0
39321,0,0,1,0
39322,1,0,1,0
39385,0,0,1,0
39405,0,0,1,0
39487,0,0,1,0
39507,0,0,1,0
39527,1,0,1,0
39687,0,1,1,0
39707,0,0,1,0
39709,0,0,1,0
39887,1,0,1,0
39913,0,0,1,0
39916,0,0,1,0
39930,1,0,0,0
39933,1,0,1,0
39969,0,1,0,0
39992,0,0,1,0
39993,0,0,1,0
40067,0,0,1,0
40069,1,0,1,0
40074,1,0,1,0
40087,0,0,1,0
40088,0,0,1,0
40107,0,0,1,0
40147,0,0,1,0
40148,0,0,1,0
40149,0,0,1,0
40150,0,0,1,0
40171,0,0,1,0
40213,0,0,0,1
40214,0,0,1,1
40264,1,0,1,1
40267,1,0,1,0
40269,1,0,1,0
40271,1,0,1,0
40316,0,0,1,0
40328,1,0,1,0
40350,0,0,1,1
40357,0,0,1,0
40358,0,0,1,0
40368,0,0,1,0
40369,0,0,1,0
40554,1,0,1,0
40572,1,0,1,0
40573,0,0,1,0
40583,0,0,1,0
40621,0,0,1,0
40732,1,0,1,0
40793,1,0,1,0
40855,1,0,1,1
41053,1,0,1,1
41155,0,0,1,1
41179,0,0,1,0
41236,1,0,1,0
41374,1,0,1,1
41411,0,0,1,0
41480,0,0,1,0
41552,0,0,1,1
41578,1,0,1,0
41689,0,1,1,0
41749,1,0,1,0
41750,1,0,1,0
41751,0,0,1,0
41789,0,0,1,0
41829,0,0,1,0
41832,0,0,1,0
41834,0,0,1,0
41837,0,0,1,1
41850,0,0,1,0
41898,1,0,1,0
41900,0,1,0,1
41916,1,0,1,0
41917,0,0,1,1
41960,0,0,1,0
42001,0,0,1,0
42071,0,0,1,0
42250,1,0,1,0
42251,0,0,1,0
42287,0,0,1,0
42289,0,0,0,1
42386,1,0,1,0
42387,0,0,1,0
42388,0,0,1,0
42427,0,0,0,1
42449,0,0,0,1
42565,0,0,1,1
42718,0,0,1,0
42723,0,0,1,0
42757,0,0,0,1
42758,1,0,1,0
42760,0,0,1,0
42880,0,0,1,0
42919,0,0,1,0
42921,1,0,1,0
42983,1,0,1,0
42997,0,0,1,0
42999,1,0,1,0
43021,0,0,1,0
43027,1,0,1,0
43042,0,0,1,0
43062,0,0,1,0
43063,1,0,1,1
43070,1,0,0,0
43256,1,0,1,0
43262,0,0,1,0
43282,0,0,1,0
43294,0,0,1,0
43361,0,0,1,0
43389,1,0,1,0
43390,1,0,1,0
43393,0,0,1,0
43404,1,0,1,0
43446,0,0,1,0
43449,0,0,1,0
43450,0,0,1,0
43454,1,0,1,0
43455,0,0,1,0
43458,0,0,1,0
43459,0,0,1,0
43463,1,0,1,0
43471,1,0,1,1
43472,0,0,1,0
43628,1,0,1,0
43657,0,0,1,0
43658,1,0,1,0
43702,1,1,1,0
43703,0,0,1,0
43704,1,0,1,0
43705,1,0,1,0
43706,0,0,1,0
43719,1,0,1,0
43721,0,0,1,0
43724,0,0,1,0
43725,0,0,1,0
43726,0,0,1,0
43731,0,0,1,0
43732,0,0,1,0
43774,0,0,1,0
43776,0,0,1,0
43778,0,0,1,0
43808,1,0,1,0
43809,1,0,1,0
43870,0,0,1,0
43899,1,0,1,0
43901,0,0,1,0
43906,0,0,1,0
43908,0,0,1,0
43909,0,0,1,0
43910,0,0,1,0
43977,0,0,1,0
43978,1,0,0,0
43984,1,0,1,0
43986,0,0,1,0
43988,0,0,1,0
43989,1,0,1,0
43992,0,0,1,0
43998,0,0,1,0
44001,0,0,1,0
44003,1,0,1,0
44078,0,0,1,0
44079,0,0,1,0
44081,1,0,1,0
44118,0,0,1,1
44140,0,0,1,0
44188,1,0,1,0
44244,0,0,1,1
44248,1,0,1,0
44316,1,0,1,0
44336,0,0,1,0
44339,0,0,1,0
44377,0,0,1,0
44399,0,0,1,0
44402,0,0,1,0
44404,1,0,1,0
44436,1,0,1,0
44437,0,0,1,0
44458,0,0,1,0
44463,0,0,1,0
44464,0,0,1,0
44484,1,0,1,1
44528,1,0,1,0
44538,0,0,1,0
44539,0,0,1,0
44541,1,0,1,0
44543,1,0,1,0
44545,1,0,1,0
44549,1,0,1,0
44553,0,0,1,0
44577,1,0,1,0
44579,1,0,1,0
44597,0,0,1,0
44611,0,0,1,0
44647,0,0,0,1
44649,0,0,1,0
44652,1,0,1,0
44656,0,0,1,0
44660,1,0,1,1
44661,1,0,1,1
44700,1,0,1,0
44705,1,0,1,0
44749,1,0,1,1
44751,0,0,1,0
44753,0,0,1,1
44755,1,0,1,1
44757,0,0,1,0
44759,0,0,1,0
44775,1,0,1,0
44796,1,1,1,0
44817,0,0,1,0
44820,0,0,1,0
44837,0,0,1,0
44838,0,0,1,1
44853,1,0,1,0
44855,1,0,1,0
44879,0,0,1,0
44881,1,0,1,1
44885,0,1,1,0
44887,0,0,1,0
44888,1,0,1,0
44926,0,0,1,0
44944,1,0,1,0
44966,1,0,1,0
44967,1,0,1,0
44968,1,0,1,0
44969,0,0,1,0
44977,0,0,1,0
44986,0,1,0,0
44988,0,0,1,1
44993,0,0,1,0
44996,1,0,1,0
45025,0,0,1,0
45048,0,0,1,0
45049,0,0,1,0
45050,0,0,1,0
45051,0,0,1,0
45052,0,0,1,1
45053,1,0,1,0
45054,0,0,1,0
45055,1,0,1,1
45056,1,0,1,0
45058,0,0,1,0
45060,1,0,1,0
45061,1,0,1,0
45062,0,0,0,1
45065,1,0,1,0
45070,0,0,1,0
45071,0,0,1,0
45072,0,0,1,0
45087,1,0,1,1
45088,1,0,1,0
45089,0,0,1,0
45090,1,0,1,0
45096,0,0,1,0
45098,0,0,1,0
45100,1,0,1,0
45102,1,0,1,0
45127,1,0,0,0
45151,1,0,1,0
45153,0,0,1,0
45187,0,0,1,0
45188,1,0,1,0
45212,1,0,1,0
45213,1,0,1,0
45215,0,0,1,0
45222,1,0,1,0
45228,0,0,1,0
45237,0,0,1,0
45250,1,0,1,0
45251,1,0,1,0
45252,0,0,1,0
45268,1,0,1,0
45270,0,0,1,0
45272,0,0,1,0
45273,0,0,1,0
45274,0,0,1,0
45277,0,0,1,0
45279,1,0,1,0
45280,0,0,1,0
45282,1,0,1,0
45284,0,0,1,0
45286,0,0,1,0
45288,0,0,1,0
45292,0,0,1,0
45307,1,0,1,0
45331,1,0,1,0
45390,0,0,1,0
45392,0,0,1,0
45393,0,0,1,0
45396,0,0,1,0
45397,0,1,1,1
45399,0,0,1,0
45400,0,0,1,0
45403,0,0,1,0
45408,0,0,1,0
45412,1,0,1,0
45466,1,0,1,1
45487,1,0,1,0
45490,1,0,1,0
45523,0,0,1,0
45524,0,0,1,0
45525,1,0,1,0
45526,1,0,1,1
45528,1,0,1,0
45553,1,0,1,0
45554,0,0,1,1
45564,0,0,1,0
45570,0,0,1,0
45571,1,0,1,0
45572,1,0,1,0
45573,1,0,1,1
45576,1,0,1,0
45579,1,0,1,0
45580,1,0,1,0
45584,0,0,1,0
45585,1,0,1,1
45587,0,0,1,0
45588,0,0,1,0
45589,1,0,1,0
45596,1,0,1,0
45597,0,0,1,0
45599,0,0,1,0
45618,0,0,1,0
45651,0,0,1,0
45731,0,0,1,0
45734,0,0,1,0
45747,0,0,1,0
45748,0,0,1,0
45749,0,0,1,0
45751,0,0,1,1
45752,0,0,1,0
45753,0,0,1,0
45755,0,0,1,0
45756,1,0,1,0
45757,0,0,1,1
45759,1,1,1,0
45785,0,1,1,0
45799,0,0,1,0
45819,1,1,1,0
45820,1,0,1,0
45821,0,0,1,0
45822,0,0,1,0
45829,0,0,1,0
45833,0,0,1,0
45856,0,0,1,0
45857,1,0,1,0
45866,0,0,1,0
45891,0,0,1,0
45899,0,0,1,0
45900,0,0,1,0
45901,0,0,1,0
45912,0,0,1,0
45914,0,0,1,0
45927,0,0,1,0
45929,0,0,1,0
45930,0,0,1,1
45932,0,0,1,0
45933,0,0,1,0
45934,1,0,1,0
45936,0,0,1,0
46024,0,0,1,0
46026,0,0,1,0
46042,0,0,1,0
46048,0,0,1,0
46049,0,0,1,0
46092,1,0,1,0
46093,0,0,1,0
46152,0,0,1,0
46154,0,0,1,0
46170,1,0,1,0
46172,1,0,1,0
46181,1,0,1,0
46187,0,1,0,0
46199,1,0,1,0
46200,0,0,1,0
46201,0,0,1,0
46202,1,0,1,0
46253,1,0,1,0
46255,1,0,1,0
46256,1,0,1,0
46257,0,0,1,0
46259,0,0,1,0
46260,0,0,1,1
46261,0,0,1,0
46263,0,0,1,0
46280,0,0,1,0
46281,0,0,1,0
46282,0,0,1,0
46300,0,1,0,0
46305,0,0,1,0
46310,1,0,1,0
46336,0,0,1,0
46337,0,0,1,0
46338,0,0,0,1
46356,0,0,1,1
46368,0,0,1,0
46373,0,0,1,0
46411,1,0,1,0
46415,0,0,1,0
46431,0,0,1,0
46434,1,0,1,0
46435,1,0,1,0
46437,1,0,1,0
46443,0,0,1,0
46444,0,0,1,0
46445,0,0,1,0
46446,0,0,1,0
46449,0,0,1,0
46450,0,0,1,0
46451,0,0,1,0
46496,0,0,1,0
46498,0,0,1,0
46561,0,0,1,0
46563,1,0,1,0
46564,0,0,1,0
46565,0,0,1,0
46568,0,0,1,0
46570,1,0,1,0
46582,1,0,1,0
46583,1,0,1,0
46584,0,0,1,0
46587,0,0,0,1
46590,0,0,1,0
46591,1,0,1,0
46630,0,0,1,0
46712,0,0,1,0
46734,0,0,1,0
46746,1,0,1,0
46747,1,0,1,0
46748,1,0,1,1
46750,0,0,1,0
46751,1,0,1,0
46753,1,0,1,0
46756,0,0,1,0
46781,1,0,1,0
46839,1,1,1,0
46840,1,0,1,0
46846,1,0,1,0
46852,0,0,1,0
46854,0,0,1,0
46855,1,0,1,1
46856,1,0,1,0
46857,1,0,1,0
46858,0,0,1,0
46860,0,0,1,0
46862,0,0,1,0
46864,0,0,1,0
46865,0,0,1,0
46873,0,0,1,0
46901,0,0,1,1
46916,1,0,1,0
46918,0,0,1,0
46919,1,0,1,0
46969,1,0,1,0
47012,1,0,1,0
47013,0,0,1,0
47015,1,0,1,0
47047,1,0,1,0
47074,0,0,1,0
47075,0,0,1,0
47108,1,0,1,0
47110,1,0,1,0
47133,0,0,1,0
47142,1,0,1,1
47156,0,0,1,0
47339,0,0,1,0
47354,0,0,1,0
47649,0,0,1,0
47652,0,0,1,0
47659,1,0,1,0
47661,0,0,1,0
47697,0,0,1,0
47876,0,0,1,0
47879,1,0,1,0
47938,1,0,1,0
47966,0,0,1,0
47981,1,0,1,0
47983,1,0,1,0
48012,1,0,1,0
48013,0,0,1,0
48055,0,0,1,0
48429,1,0,0,0
48438,0,0,1,0
48630,0,0,1,0
48652,1,0,1,0
48653,0,0,1,0
48654,1,0,1,0
48661,0,0,1,0
48727,1,0,1,0
48762,0,0,1,0
48772,0,0,1,0
48791,0,0,1,0
48795,0,0,1,0
48796,0,0,1,0
48797,1,0,1,0
48800,0,0,1,0
48804,0,0,1,0
48876,0,0,1,0
48878,0,0,1,0
48879,0,0,1,0
48881,0,0,1,0
49053,0,0,1,0
49113,0,0,1,0
49116,1,0,1,0
49117,0,0,1,0
49118,0,0,1,0
49119,0,0,1,0
49120,1,0,1,0
49121,0,0,1,0
49122,0,0,1,0
49123,0,0,1,0
49125,0,0,1,0
49152,0,0,1,0
49156,0,0,1,0
49157,0,0,1,0
49158,1,0,1,0
49194,0,0,1,0
49233,0,0,1,0
49237,1,0,1,0
49451,0,0,1,0
49454,0,0,1,1
49472,0,0,1,0
49473,0,0,1,0
49474,0,0,1,1
49475,0,0,1,0
49494,0,0,1,0
49511,0,0,1,0
49513,0,1,1,0
49591,0,0,1,0
49592,0,0,1,0
49593,1,0,1,0
49611,1,0,1,0
49612,0,0,1,0
49615,0,0,1,0
49616,1,0,1,0
49618,1,1,1,1
49619,0,0,1,0
49620,0,0,1,0
49651,1,0,1,0
49671,0,0,1,0
49673,0,0,1,0
49691,0,0,1,0
49692,0,0,1,0
49751,0,0,1,0
49792,1,0,1,0
49795,0,0,1,0
49796,0,0,1,0
49797,0,0,1,0
49798,0,0,1,0
49814,0,0,1,0
49876,0,0,1,0
49878,0,0,1,0
49880,1,0,1,0
49882,0,0,1,0
49892,0,0,1,0
49931,0,0,1,0
49932,0,0,1,0
49933,0,0,1,0
49934,0,0,1,0
50053,0,0,1,0
50091,1,0,1,0
50095,0,0,1,1
50097,1,0,1,0
50131,0,0,1,0
50132,0,0,1,0
50238,1,0,1,1
50240,1,0,1,0
50245,0,0,1,0
50246,1,0,1,0
50251,0,0,1,0
50252,0,0,1,0
50253,0,0,1,0
50291,0,0,1,0
50292,0,0,1,0
50313,0,0,1,0
50314,1,0,1,0
50315,0,0,1,0
50317,1,0,1,0
50318,1,0,1,0
50320,1,0,1,0
50322,1,0,1,0
50324,0,0,1,0
50331,1,0,1,0
50332,0,0,1,0
50333,0,0,0,1
50334,0,0,1,0
50335,1,0,1,0
50337,0,0,1,0
50341,0,0,1,0
50342,1,0,1,0
50343,1,0,1,0
50344,0,0,1,0
50346,0,0,1,0
50347,0,0,1,0
50453,0,0,1,0
50511,0,0,1,0
50513,0,0,1,0
50714,0,0,1,0
50771,0,0,1,0
50791,0,0,1,0
50792,0,0,1,0
50797,1,0,1,0
50799,0,0,1,0
50800,1,0,1,0
50801,1,0,1,0
50802,0,0,1,0
50803,0,0,1,0
50804,1,0,1,0
50806,1,0,1,0
50807,0,0,1,0
50809,0,0,1,0
50810,0,0,1,0
50812,0,0,1,0
50831,0,0,1,0
50916,0,0,1,0
50919,0,0,1,0
50972,1,0,1,0
50975,0,0,1,0
50976,0,0,1,0
50977,1,0,1,0
50978,0,0,1,0
50979,0,0,1,0
50981,0,0,1,0
50983,0,0,1,0
50984,0,0,1,0
50985,0,0,1,0
50992,1,0,1,0
50993,0,0,1,0
50994,0,0,1,0
50995,0,0,1,0
50996,1,0,1,1
50998,0,0,1,0
50999,0,1,1,1
51004,0,0,1,0
51005,0,0,1,0
51006,0,0,1,0
51007,0,0,1,0
51008,0,0,0,1
51010,1,0,1,0
51011,0,0,1,0
51015,0,0,1,0
51019,1,0,1,0
51020,1,1,1,0
51021,0,0,1,0
51022,0,0,1,0
51023,0,0,1,0
51024,0,0,1,0
51025,0,0,1,0
51026,0,0,1,0
51027,1,0,1,0
51031,0,0,1,0
51033,0,0,1,0
51052,0,0,1,0
51054,0,0,1,0
51055,0,0,1,0
51075,0,0,1,0
51083,1,0,1,0
51393,1,0,1,0
51412,1,0,1,0
51413,0,0,1,0
51414,1,0,1,1
51416,1,0,1,0
51439,0,0,1,0
51440,1,0,1,0
51441,0,0,1,0
51442,1,0,1,0
51443,1,0,1,0
51444,1,0,1,0
51445,0,0,1,0
51448,0,0,1,0
51449,0,0,1,0
51517,1,0,1,0
51531,0,0,1,0
51533,0,0,1,0
51534,1,0,1,0
51537,0,0,1,0
51567,0,0,1,0
51568,1,0,1,0
51570,0,0,1,0
51596,0,0,1,0
51597,0,0,1,0
51653,0,0,1,0
51654,0,0,1,0
51655,1,0,1,0
51656,0,0,1,0
51671,0,0,1,0
51674,1,0,1,0
51676,0,0,1,0
51751,1,0,1,0
51752,0,0,1,0
51753,0,0,1,0
51755,0,0,1,0
51775,1,0,1,0
51991,0,1,1,0
52231,0,0,1,0
52240,0,0,1,0
52263,0,0,1,0
52264,1,0,0,0
52265,1,0,1,0
52271,1,0,1,0
52273,0,0,1,0
52274,1,0,1,0
52275,0,0,1,0
52277,1,0,1,0
52279,1,0,1,0
52286,0,0,1,0
52287,0,0,1,0
52289,1,0,1,0
52291,0,0,1,1
52292,0,0,1,0
52293,0,0,1,0
52295,0,0,1,0
52340,1,0,1,0
52471,0,0,1,0
52538,0,0,1,0
52551,0,0,1,0
52552,1,0,1,0
52553,0,0,1,0
52596,1,0,1,0
52633,0,0,1,0
52634,0,0,1,0
52635,1,0,1,0
52636,1,0,1,0
52638,0,0,1,0
52640,0,0,1,0
52651,0,0,1,0
52652,0,0,1,0
52653,0,0,1,0
52654,0,0,1,0
52671,1,0,1,0
52676,0,0,1,0
52692,0,0,1,0
52693,0,0,1,0
52694,0,0,1,0
52696,0,0,1,0
52697,0,0,0,1
52699,1,0,1,0
52814,0,0,1,0
52815,1,0,1,0
52816,1,0,1,0
52817,0,0,1,0
52818,0,0,1,0
52819,1,0,1,1
52833,1,0,1,0
52834,1,0,1,0
52836,0,0,1,0
52837,0,0,1,0
52838,0,0,1,0
52839,0,0,1,0
52872,0,0,1,0
52873,0,0,1,0
52874,1,0,1,0
52934,0,0,1,0
52935,0,0,1,0
52937,0,0,1,0
52938,0,0,1,0
52939,0,0,1,0
52940,0,0,1,0
52942,0,0,1,0
52945,0,0,1,0
52946,1,0,1,1
52947,0,0,1,0
52972,1,0,1,0
52973,0,0,1,0
52974,1,0,1,0
52976,1,1,1,0
52977,0,0,1,0
52978,0,0,1,1
52980,0,0,1,1
52981,1,0,1,0
52983,0,0,1,0
52984,0,0,1,0
52987,0,0,1,1
52988,0,0,1,0
52993,0,0,1,0
53103,1,0,1,0
53104,1,0,1,0
53106,0,0,1,0
53107,1,0,1,0
53108,0,0,1,0
53112,1,0,1,1
53113,0,0,1,0
53114,0,0,1,0
53115,1,0,1,0
53116,1,0,1,0
53117,0,0,1,0
53118,0,0,1,0
53148,0,0,1,0
53149,1,0,1,0
53151,1,0,1,0
53152,0,0,1,1
53165,0,0,1,0
53166,0,0,1,0
53182,1,0,1,0
53194,0,0,1,0
53195,1,0,1,0
53196,0,0,1,0
53197,0,0,1,0
53198,0,0,1,0
53200,1,0,1,0
53203,1,0,1,0
53204,1,0,1,0
53223,0,0,1,0
53224,0,0,1,0
53225,0,0,1,0
53232,0,0,1,0
53233,0,0,1,0
53254,0,0,1,0
53256,0,0,1,0
53257,0,0,1,0
53262,1,0,1,1
53264,1,0,1,0
53265,1,0,1,0
53266,1,0,1,0
53268,0,0,1,0
53269,1,0,1,0
53270,0,0,1,0
53306,1,0,1,0
53308,1,0,1,0
53324,0,0,1,0
53325,1,0,1,0
53326,0,0,1,0
53331,1,0,1,0
53332,0,0,1,0
53333,1,0,1,0
53340,1,0,1,0
53353,0,0,1,0
53355,1,0,1,1
53356,0,0,1,0
53358,1,0,1,0
53359,0,0,1,0
53360,1,0,1,0
53361,0,0,1,0
53370,0,0,1,0
53372,0,0,1,1
53373,0,0,1,0
53374,0,0,1,0
53375,1,0,1,0
53376,1,0,1,0
53377,0,0,1,0
53412,1,0,1,0
53423,0,0,1,0
53427,0,1,0,0
53428,1,0,1,0
53433,0,0,1,0
53434,0,0,1,0
53435,1,0,1,0
53436,0,0,1,0
53438,1,0,1,0
53462,0,0,1,0
53463,0,0,1,0
53466,1,0,1,0
53469,1,0,1,1
53471,1,0,1,0
53485,1,0,1,0
53487,0,0,1,0
53488,1,0,1,0
53494,0,0,1,0
53495,1,0,1,0
53496,1,0,1,0
53497,1,0,1,0
53498,1,0,1,0
53499,0,0,1,0
53501,0,0,1,0
53543,0,0,1,0
53545,0,0,1,0
53546,1,0,1,0
53551,1,0,1,0
53552,0,0,1,0
53559,1,0,1,0
53561,1,0,1,0
53562,1,0,1,0
53563,1,0,1,0
53564,1,0,1,1
53565,0,1,1,1
53567,1,1,0,0
53568,1,0,1,0
53571,1,0,1,0
53572,1,0,1,0
53574,1,0,1,0
53576,1,0,1,1
53625,1,0,1,0
53626,0,0,1,0
53628,0,0,1,0
60609,1,0,1,0
60612,0,0,1,0
60613,1,0,1,0
60616,0,0,1,0
60620,0,0,1,0
60625,1,0,1,0
60629,1,0,1,0
60630,1,0,1,0
60631,1,0,1,0
60634,1,0,1,0
60653,0,0,1,0
60660,0,0,1,0
60661,1,0,1,0
60662,1,0,0,0
60665,1,0,1,0
60667,1,0,1,0
60669,0,0,1,0
60677,0,0,1,0
60686,1,0,1,1
60688,0,0,1,0
60689,0,0,1,0
60691,1,0,1,1
60692,0,0,1,0
60709,1,0,1,0
60713,0,0,1,0
60721,1,0,1,0
60730,0,0,0,1
60732,0,0,1,0
60734,1,0,1,0
60752,1,0,1,1
60756,1,0,1,0
60783,1,0,1,0
60785,0,1,1,0
60882,1,1,1,0
60892,1,0,1,1
60897,1,0,1,1
60924,1,0,1,0
60927,0,1,0,0
60951,1,0,1,0
60956,0,0,0,1
60975,1,0,1,0
60980,0,0,1,0
60981,0,0,1,0
60983,1,0,1,0
61003,0,0,1,0
61008,0,0,1,0
61012,0,0,1,0
61014,1,0,1,0
61031,1,0,1,1
61033,1,0,1,0
61051,1,0,1,0
61070,0,0,1,1
61079,1,0,1,0
65198,1,0,1,0
65218,1,0,1,0
65244,0,0,1,0
65270,0,0,1,0
65292,1,0,1,0
65318,1,1,1,0
65359,1,0,1,0
65360,1,0,1,0
65412,0,0,1,0
65413,0,0,1,0
65414,1,0,0,0
65421,1,0,1,0
65425,0,0,1,0
65469,0,0,1,0
65471,1,0,1,0
65493,0,0,1,0
65536,1,0,1,0
65546,0,0,1,0
65548,1,0,1,0
65569,1,0,1,0
65575,0,0,1,0
65622,0,0,1,0
65633,1,0,1,0
65653,1,0,1,0
65717,1,0,1,0
65743,1,0,0,0
65745,0,0,1,0
65754,0,0,0,1
65771,1,0,1,0
65774,1,0,1,0
65808,1,0,1,0
65810,0,0,1,0
65813,1,0,1,0
65815,0,0,1,0
65834,0,0,1,0
65835,1,0,1,0
65867,1,0,1,0
65921,0,0,1,0
65923,1,0,1,0
65929,0,0,1,0
65934,0,0,0,1
65980,0,0,1,1
65981,0,0,1,0
65982,1,0,1,0
66005,0,0,1,0
66022,1,0,1,0
66034,0,0,1,0
66049,1,0,1,0
66065,0,0,1,1
66078,1,0,1,0
66086,1,0,1,0
66090,1,0,1,0
66093,1,0,1,0
66094,0,0,1,0
66127,0,0,1,0
66128,1,0,1,0
66131,0,0,1,0
66156,0,0,1,0
66159,0,0,1,0
66160,1,0,1,0
66192,1,0,1,0
66198,1,0,1,0
66203,1,0,1,0
66204,1,0,1,0
66215,1,0,1,0
66216,1,0,1,0
66221,0,0,1,0
66222,0,0,1,0
66223,0,0,0,1
66244,1,0,1,0
66247,0,0,1,0
66253,1,0,0,0
66309,1,0,1,0
66323,0,1,0,0
66332,0,0,1,0
66334,1,0,1,0
66335,1,0,1,0
66349,1,0,1,0
66350,0,0,1,0
66352,0,0,1,0
66362,0,0,1,0
66394,0,0,1,0
66395,1,0,1,0
66431,1,0,1,0
66432,0,1,0,0
66444,0,0,1,1
66446,1,0,1,0
66450,1,0,1,0
66451,1,0,1,0
66457,1,0,1,0
66489,1,0,1,0
66503,1,0,1,0
66525,0,0,0,1
66527,0,0,1,0
66529,1,0,1,1
66541,0,0,1,0
66543,0,1,0,0
66550,1,0,1,0
66555,1,0,1,0
66557,0,0,1,0
66559,0,0,1,0
66585,1,0,1,0
66616,1,0,1,0
66639,1,0,1,0
66640,1,0,1,0
66645,0,0,1,0
66646,1,0,1,0
66654,0,0,1,0
66655,1,0,1,0
66685,1,0,1,0
66731,0,0,1,1
66743,1,0,1,0
66800,1,0,1,0
66810,1,0,1,0
66880,1,0,1,0
66911,1,0,1,0
66953,1,0,1,0
66962,1,0,1,0
66971,0,0,1,0
66977,0,0,0,1
66979,1,0,1,0
67011,0,0,1,0
67040,1,0,1,0
67058,1,1,1,0
67114,0,0,1,0
67118,1,0,1,0
67137,1,0,1,0
67142,1,0,1,0
67152,1,0,1,0
77202,1,0,1,0
77248,1,0,1,0
77255,1,0,1,0
77259,1,0,1,0
77265,0,0,1,0
77267,0,0,1,0
77271,1,0,1,1
77276,1,0,1,1
77278,1,0,1,0
77297,0,0,1,0
77301,0,0,1,0
77304,1,0,1,0
77306,0,0,1,0
77316,1,0,1,0
77320,1,0,1,0
77324,1,0,1,0
77337,0,0,0,1
77349,1,0,0,0
77353,1,0,1,0
77354,1,0,1,0
77371,0,0,1,0
77378,1,0,1,0
77391,1,0,1,0
77407,1,0,1,0
77413,0,0,1,0
77424,1,0,1,0
77431,0,0,1,0
77439,1,0,1,0
77441,1,0,1,0
77450,0,0,1,0
77452,0,0,1,0
77454,1,0,1,0
77470,1,0,1,0
77474,1,0,1,0
77487,1,0,1,0
77495,0,0,1,0
77502,1,0,1,0
77505,1,0,1,0
77521,1,0,1,0
77544,1,0,1,0
77554,1,0,1,0
77562,1,1,1,0
77602,1,0,1,0
77610,1,0,1,0
77630,0,0,1,0
77636,1,0,1,0
77638,0,0,1,0
77639,0,0,1,0
77642,0,0,1,0
77649,0,0,1,0
77650,1,0,1,0
77653,0,0,1,0
77657,1,0,1,0
77660,0,0,1,0
77663,0,0,1,0
77667,0,0,1,0
77670,1,0,1,0
77672,0,0,1,0
77675,1,0,1,0
77678,1,0,1,0
77684,0,0,1,0
77685,0,0,1,0
77686,0,0,1,0
77687,1,0,1,0
77691,1,0,0,0
77693,0,0,1,0
77695,1,0,0,0
77697,1,0,1,0
77699,0,0,1,0
77700,1,0,1,0
77717,1,0,1,0
77718,1,0,1,0
77724,1,0,1,0
77726,1,0,1,0
77731,0,0,1,0
77733,1,1,1,0
77741,0,0,1,0
77742,1,0,1,0
77743,1,0,1,0
77749,0,0,1,0
77750,1,0,1,0
77752,0,0,1,0
77766,1,0,1,0
77770,0,0,1,0
77781,1,0,1,0
77786,1,0,1,0
77789,1,0,1,0
77791,1,0,1,0
77792,0,0,0,1
77793,0,0,1,0
77803,1,0,1,0
77807,0,0,1,0
77808,0,0,1,0
77819,1,0,1,0
77820,1,0,1,0
77823,0,0,1,0
77826,1,0,1,0
77830,1,0,1,0
77840,1,0,1,0
77841,0,0,1,0
77847,1,0,0,0
77852,0,0,1,0
77853,0,0,1,0
77861,0,0,1,0
77864,1,0,1,0
77865,1,0,1,0
77868,0,0,1,0
77872,0,1,0,0
77877,1,0,1,0
77878,1,0,1,0
77893,0,0,1,0
77895,1,0,1,0
77896,0,0,1,0
77905,1,0,1,0
77917,1,0,1,0
77919,0,0,0,1
77923,1,0,0,0
77933,0,0,1,0
77963,0,0,1,0
77977,0,0,1,0
77995,0,0,1,0
78006,0,0,1,0
78011,1,0,1,0
78018,0,0,1,0
78031,1,0,1,0
78033,1,1,1,0
78051,0,0,1,0
78052,0,0,1,0
78054,1,0,1,0
78055,0,0,1,0
78058,1,0,1,1
78079,1,0,1,0
78080,1,0,1,0
78081,1,0,1,0
78093,1,0,1,0
78099,1,0,1,0
78103,1,0,1,0
78108,1,0,1,0
78111,1,0,1,0
78137,0,0,1,0
78147,0,0,1,0
78160,1,0,1,0
78161,1,0,0,0
78162,1,0,1,0
78172,1,0,1,1
78175,1,0,1,1
78176,1,0,0,0
78183,1,0,1,0
78198,0,0,1,0
78200,0,0,1,0
78201,0,0,1,0
78203,1,0,1,0
78207,1,0,1,0
78235,1,0,1,0
78240,1,0,1,0
78246,1,0,1,0
78256,0,0,1,0
78276,1,1,1,0
78282,1,0,1,0
78283,1,0,1,0
78289,1,0,1,0
78296,1,0,1,0
78311,1,0,1,0
78314,1,0,1,0
78324,0,0,1,0
78333,1,0,1,0
78337,1,0,1,0
78338,1,0,1,0
78341,1,0,1,0
78342,0,0,1,0
78344,1,0,1,0
78347,0,0,0,1
78348,1,0,1,0
78350,1,0,1,1
78352,1,0,1,0
78353,1,0,0,0
78359,0,0,1,0
78367,1,0,1,0
78370,1,0,1,0
78372,0,0,0,1
78380,0,1,0,0
78383,0,1,0,0
78390,1,0,1,0
78391,1,0,1,0
78397,0,0,1,0
78407,0,0,1,0
78411,1,0,1,0
78426,0,0,1,0
78429,0,0,1,0
78430,1,0,1,0
78432,1,0,1,0
78438,1,0,1,0
78439,1,0,1,0
78455,1,0,1,0
78460,1,0,1,0
78472,1,0,1,0
78479,1,0,1,0
78485,1,0,1,0
78488,1,0,0,0
78493,0,0,1,0
78494,1,0,1,0
78497,1,0,1,0
78513,1,0,1,0
78514,0,0,1,0
78525,1,0,1,1
78527,1,0,1,1
78528,1,0,1,0
78532,1,0,1,0
78550,0,0,1,0
78551,0,0,1,1
78552,0,0,1,0
78564,1,0,1,0
78575,1,0,1,0
78579,1,0,1,0
78582,0,0,1,0
78587,1,0,1,0
78590,0,1,0,0
78605,1,0,1,0
78607,0,0,1,0
78608,0,0,1,0
78609,0,0,1,0
78610,1,0,1,0
78612,0,0,1,0
78617,1,0,1,0
78619,1,0,1,0
78620,0,0,0,1
78629,0,0,1,0
78641,1,0,1,0
78643,0,0,1,0
78655,0,0,1,0
78656,1,0,1,0
78661,0,0,0,1
78695,1,0,1,0
78703,1,0,1,0
78709,1,0,1,0
78710,1,0,1,0
78712,1,0,1,0
78714,0,0,1,0
78722,1,0,1,0
78730,0,0,1,0
78732,1,0,1,0
78735,1,0,0,0
78737,0,0,1,0
78738,0,0,1,0
78741,1,0,1,0
78742,1,0,1,0
78743,0,0,1,0
78744,0,0,1,0
78745,1,0,1,0
78746,0,0,0,1
78747,1,0,1,0
78748,1,0,1,0
78750,1,0,1,0
78751,1,0,1,0
78752,0,0,1,0
78754,0,0,0,1
78755,0,0,0,1
78757,1,0,1,0
78759,1,0,1,0
78760,0,0,1,0
78761,1,0,1,0
78762,0,0,0,1
78763,0,0,1,0
78764,0,0,1,0
78765,1,0,1,0
78766,0,0,1,0
78767,0,0,0,1
78768,0,0,1,0
78769,0,0,0,1
78770,1,0,1,0
78771,0,0,1,0
78772,1,0,1,0
78773,0,0,1,0
78774,1,0,1,0
78775,0,0,1,0
78776,1,0,1,1
78777,1,0,1,0
78778,1,0,1,0
78779,1,0,1,0
78780,0,0,1,0
78781,1,0,1,0
78782,1,0,1,0
78783,0,0,1,0
78784,1,0,1,0
78785,1,0,1,0
78786,1,0,1,0
78788,0,0,1,0
78789,0,0,0,1
78790,0,0,0,1
78792,1,0,1,0
78793,1,0,1,0
78796,1,0,1,0
78799,1,0,1,0
78812,1,0,1,0
78813,1,0,0,0
78831,0,0,1,0
78832,1,0,1,1
78833,1,0,1,0
78834,0,0,1,0
78835,0,0,0,1
78836,1,0,1,0
78837,0,0,1,1
78838,0,0,1,0
78839,1,0,1,0
79032,1,0,1,0
79033,1,0,1,0
79034,1,0,0,0
79035,1,0,1,0
79036,0,0,1,0
79042,0,0,1,0
79043,0,0,1,0
79045,1,0,1,0
79048,0,0,0,1
79049,0,0,1,0
79055,0,0,0,1
79057,0,0,1,0
79060,0,0,1,0
79064,1,0,0,0
79067,1,0,1,0
79097,1,0,0,0
79098,0,0,0,1
79102,0,0,0,1
79107,0,0,0,1
79109,1,0,1,0
79110,1,0,0,0
79111,0,0,1,0
79115,1,0,1,0
79120,1,0,1,0
79121,1,0,1,0
79124,0,0,1,0
79125,1,0,1,0
79126,0,0,1,0
79127,0,0,0,1
79128,1,0,1,0
79129,0,0,1,0
79131,1,0,1,0
79179,0,0,1,0
79183,0,0,1,0
79195,0,0,0,1
79196,1,0,0,0
79198,0,0,1,0
79199,1,0,1,0
79204,0,0,1,0
79206,1,0,1,0
79207,0,0,0,1
79210,1,0,1,0
79213,1,0,1,0
79223,1,0,1,0
79228,0,0,1,0
79231,1,0,1,0
79232,1,0,1,0
79233,0,0,1,0
79234,0,0,0,1
79235,0,0,1,0
79243,0,0,1,0
79256,0,0,1,0
79257,1,0,1,0
79259,1,0,1,0
79263,1,0,1,0
79281,0,0,0,1
79282,1,0,1,0
79285,1,0,1,0
79301,0,0,1,0
79302,1,0,1,0
79308,1,0,1,0
79309,0,0,1,0
79317,1,0,1,1
79323,1,0,1,0
79326,1,0,1,0
79327,1,0,1,0
79329,0,0,1,0
79339,1,0,1,0
79340,1,0,1,0
79345,0,0,1,0
79346,0,1,1,0
79347,1,0,1,0
79359,0,0,1,0
79362,1,0,1,0
79363,1,0,1,0
79365,0,0,1,0
79397,1,0,1,0
79404,0,0,1,0
79407,1,0,0,0
79414,1,0,1,0
79423,0,0,1,0
79429,0,0,1,1
79436,1,0,1,0
79437,1,0,1,0
79446,1,0,1,0
79447,0,0,1,1
79455,0,0,0,1
79456,1,0,1,0
79457,0,0,1,1
79458,0,1,0,0
79460,1,0,1,1
79467,1,0,1,0
79484,1,0,0,0
79486,1,0,1,0
79493,1,0,1,0
79494,1,0,1,0
79495,1,0,1,0
79497,1,0,1,0
79502,0,0,0,1
79504,0,0,0,1
79505,0,0,1,0
79510,0,0,0,1
79520,1,0,1,0
79524,1,0,1,0
79536,1,0,1,0
79541,1,0,1,0
79543,0,0,1,1
79547,1,0,1,0
79555,0,0,1,0
79559,1,0,1,0
79563,1,0,1,0
79564,1,0,1,0
79565,0,0,1,0
79567,1,0,1,0
79568,0,0,1,0
79572,1,0,1,0
79574,1,0,1,0
79580,1,0,1,0
79589,1,0,1,0
79595,1,0,1,0
79600,0,0,1,0
79605,1,0,1,0
79607,0,0,1,0
79608,0,0,0,1
79619,0,0,1,0
79620,0,0,1,0
79627,0,0,0,1
79636,0,0,1,0
79640,1,0,1,0
79645,0,0,0,1
79651,0,0,1,0
79671,0,0,1,0
79692,1,0,1,0
79701,0,0,1,0
79712,0,0,1,0
79713,1,0,1,0
79717,1,0,1,0
79720,1,0,1,0
79723,0,0,1,0
79724,1,0,0,0
79729,0,0,0,1
79739,1,0,1,0
79742,0,0,1,0
79748,1,0,1,0
79749,1,0,1,0
79751,0,0,0,1
79755,1,0,1,0
79776,1,0,1,0
79798,0,0,1,0
79811,1,0,1,0
79814,1,0,1,0
79818,1,0,1,0
79823,1,0,1,0
79824,0,0,0,1
79825,0,0,1,0
79831,1,0,1,0
79833,0,1,1,0
79840,1,0,1,0
79846,1,0,1,0
79852,1,0,1,0
79854,0,0,1,0
79858,0,0,1,0
79859,0,0,1,0
79860,0,0,1,0
79863,0,0,1,0
79864,1,0,1,0
79866,1,0,1,0
79870,1,0,1,0
79885,1,0,1,0
79889,0,0,1,0
79894,1,0,1,0
79903,1,0,1,0
79907,0,0,1,0
79909,1,0,1,0
79924,1,0,1,0
79947,1,0,1,0
79949,1,0,1,0
79953,1,0,1,0
79956,0,0,1,0
79961,1,0,1,0
79966,1,0,1,0
79968,1,0,1,0
79970,1,0,1,0
79973,0,0,1,0
79976,1,0,0,0
79982,1,0,1,0
79983,1,0,1,0
79989,0,0,1,0
79992,1,0,1,0
79996,0,0,1,0
79997,1,0,0,0
79999,0,0,1,0
80002,0,0,0,1
80005,0,0,1,0
80006,1,0,1,0
80019,1,0,1,0
80035,0,0,1,0
80037,1,0,1,0
80050,1,0,1,0
80064,1,0,1,0
80073,0,0,1,0
80074,1,0,1,0
80075,1,0,1,0
80076,1,0,1,0
80077,1,0,1,0
80079,1,1,1,0
80081,0,0,1,0
80083,0,0,0,1
80086,1,0,1,0
80087,1,0,1,0
80089,0,0,0,1
80096,1,0,1,0
80099,1,0,1,0
80105,1,0,1,0
80106,1,0,1,0
80116,1,0,1,0
80124,1,0,1,0
80156,1,0,1,0
80164,1,0,1,0
80168,0,0,1,0
80171,1,0,1,0
80175,0,0,1,0
80176,1,0,1,0
80203,0,0,0,1
80221,1,0,1,0
80227,0,0,1,0
80233,1,0,1,0
80237,1,0,1,0
80238,1,0,1,0
80252,0,0,1,0
80258,0,0,1,0
80261,0,0,1,0
80272,1,0,1,0
80273,1,0,1,0
80285,1,0,1,0
80294,1,0,1,0
80298,1,0,1,0
80301,0,0,1,0
80302,0,0,1,0
80310,1,0,1,0
80311,1,0,1,0
80314,1,0,1,0
80328,1,0,1,0
80338,1,0,0,0
80339,0,0,1,0
80348,1,0,1,0
80349,1,0,1,0
80351,0,0,1,0
80358,1,0,1,0
80359,1,0,1,0
80361,1,0,1,0
80365,1,0,1,0
80367,1,0,1,0
80368,1,0,1,0
80369,1,0,1,0
80380,1,0,1,0
80383,1,0,1,0
80390,0,0,1,0
80393,0,0,1,0
80415,1,0,1,0
80418,1,0,1,0
80419,0,1,1,0
80423,1,0,1,0
80426,1,0,1,0
80428,1,0,1,0
80434,1,0,0,0
80440,0,0,1,0
80441,1,0,1,0
80444,0,0,1,0
80445,0,0,1,0
80446,1,0,1,0
80450,0,0,1,0
80452,0,0,1,0
80458,0,0,1,0
80468,1,0,1,0
80471,0,0,1,0
80472,1,0,1,0
80475,0,0,1,0
80478,1,1,1,0
80481,0,0,1,0
80483,1,0,1,0
80488,1,1,1,0
80489,0,0,0,1
80490,1,0,1,0
80491,1,0,1,0
80492,1,0,1,0
80500,0,0,1,0
80505,1,0,1,0
80512,1,0,1,0
80516,0,0,1,0
80520,1,0,1,0
80536,1,0,1,0
80539,1,0,1,0
80540,1,0,1,0
80547,1,0,1,0
80549,0,0,1,0
80553,0,0,1,0
80554,0,0,1,0
80558,1,0,1,0
80565,1,0,1,0
80581,1,0,1,0
80589,1,0,1,1
80592,1,0,1,0
80595,0,0,1,0
80597,0,0,1,0
80606,1,0,1,0
80610,1,0,1,0
80623,0,0,1,0
80627,1,0,1,1
80635,1,0,1,0
80647,0,0,1,0
80648,1,0,1,0
80651,1,0,1,0
80653,1,0,1,0
80656,0,0,1,1
80662,0,1,1,0
80671,1,0,1,0
80672,1,0,1,0
80676,0,0,1,0
80689,1,0,1,0
80691,1,0,1,0
80702,0,0,0,1
80739,1,0,1,0
80756,0,0,1,0
80772,1,0,1,0
80795,1,0,0,0
80797,1,0,1,0
80800,0,0,1,0
80803,0,0,1,0
80813,1,0,1,0
80818,1,0,1,0
80820,1,0,1,0
80836,0,0,1,0
80838,1,0,1,0
80885,1,0,1,0
80916,1,0,0,0
80917,1,0,0,0
80931,1,0,1,0
80942,0,0,1,0
80959,1,0,1,0
80961,1,0,1,0
80966,1,0,1,0
80979,1,0,1,0
80980,0,0,0,1
81004,1,0,1,0
81018,0,0,0,1
81019,1,0,1,0
81021,1,0,1,0
81064,1,0,1,0
81085,0,0,1,0
81086,0,0,1,0
81113,1,0,1,0
81114,1,0,1,0
81120,1,0,1,0
81135,0,0,0,1
81138,1,0,1,0
81139,1,0,1,0
81140,1,0,1,0
81153,0,0,1,0
81159,1,0,0,0
81161,1,0,1,0
81169,1,0,1,0
81171,1,0,1,0
81172,1,0,1,0
81195,1,0,1,0
81198,0,0,1,0
81205,1,0,1,0
81221,0,0,1,0
81239,1,0,1,0
81244,0,0,1,0
81245,1,0,1,0
81257,0,0,1,0
81286,0,0,1,0
81297,0,0,1,0
81299,0,0,1,0
81306,1,0,0,0
81320,1,0,1,0
81322,1,0,1,0
81327,1,0,0,0
81328,1,0,1,0
81339,0,0,0,1
81345,1,0,1,0
81347,0,0,1,0
81349,1,0,1,0
81354,0,0,0,1
81366,1,0,1,0
81396,1,0,1,0
81413,0,0,1,0
81476,0,0,1,0
81498,1,0,1,0
81522,0,0,1,0
81527,1,0,1,0
81543,0,0,1,0
81621,0,0,1,0
81623,1,0,1,0
81624,0,0,1,0
81673,1,0,1,0
81696,1,0,1,0
81705,0,0,1,0
81706,1,0,1,0
81732,1,0,1,0
81737,1,0,1,0
81937,1,0,1,0
81945,1,0,1,0
82455,1,0,0,0
82458,1,0,1,0
83193,1,0,1,0
83220,1,0,1,0
83248,1,0,1,0
84201,1,0,1,0
84399,1,0,1,0
84792,0,0,1,0
84857,1,0,1,0
85145,0,0,0,1
85239,1,0,1,0
